date,age,cases
2020-06-01,00_04,9
2020-06-01,05_09,13
2020-06-01,10_14,16
2020-06-01,15_19,32
2020-06-01,20_24,75
2020-06-01,25_29,104
2020-06-01,30_34,74
2020-06-01,35_39,78
2020-06-01,40_44,74
2020-06-01,45_49,93
2020-06-01,50_54,87
2020-06-01,55_59,105
2020-06-01,60+,533
2020-06-02,00_04,14
2020-06-02,05_09,15
2020-06-02,10_14,18
2020-06-02,15_19,36
2020-06-02,20_24,82
2020-06-02,25_29,103
2020-06-02,30_34,117
2020-06-02,35_39,84
2020-06-02,40_44,82
2020-06-02,45_49,92
2020-06-02,50_54,83
2020-06-02,55_59,71
2020-06-02,60+,547
2020-06-03,00_04,10
2020-06-03,05_09,13
2020-06-03,10_14,21
2020-06-03,15_19,47
2020-06-03,20_24,72
2020-06-03,25_29,101
2020-06-03,30_34,88
2020-06-03,35_39,74
2020-06-03,40_44,73
2020-06-03,45_49,78
2020-06-03,50_54,78
2020-06-03,55_59,78
2020-06-03,60+,487
2020-06-04,00_04,13
2020-06-04,05_09,15
2020-06-04,10_14,16
2020-06-04,15_19,33
2020-06-04,20_24,68
2020-06-04,25_29,95
2020-06-04,30_34,65
2020-06-04,35_39,81
2020-06-04,40_44,56
2020-06-04,45_49,75
2020-06-04,50_54,80
2020-06-04,55_59,84
2020-06-04,60+,449
2020-06-05,00_04,13
2020-06-05,05_09,10
2020-06-05,10_14,13
2020-06-05,15_19,32
2020-06-05,20_24,64
2020-06-05,25_29,87
2020-06-05,30_34,82
2020-06-05,35_39,60
2020-06-05,40_44,70
2020-06-05,45_49,73
2020-06-05,50_54,72
2020-06-05,55_59,61
2020-06-05,60+,366
2020-06-06,00_04,6
2020-06-06,05_09,15
2020-06-06,10_14,13
2020-06-06,15_19,27
2020-06-06,20_24,56
2020-06-06,25_29,65
2020-06-06,30_34,71
2020-06-06,35_39,52
2020-06-06,40_44,52
2020-06-06,45_49,49
2020-06-06,50_54,57
2020-06-06,55_59,47
2020-06-06,60+,200
2020-06-07,00_04,5
2020-06-07,05_09,16
2020-06-07,10_14,13
2020-06-07,15_19,16
2020-06-07,20_24,51
2020-06-07,25_29,66
2020-06-07,30_34,65
2020-06-07,35_39,52
2020-06-07,40_44,52
2020-06-07,45_49,30
2020-06-07,50_54,40
2020-06-07,55_59,48
2020-06-07,60+,205
2020-06-08,00_04,8
2020-06-08,05_09,19
2020-06-08,10_14,18
2020-06-08,15_19,29
2020-06-08,20_24,79
2020-06-08,25_29,68
2020-06-08,30_34,82
2020-06-08,35_39,72
2020-06-08,40_44,68
2020-06-08,45_49,85
2020-06-08,50_54,75
2020-06-08,55_59,70
2020-06-08,60+,303
2020-06-09,00_04,16
2020-06-09,05_09,12
2020-06-09,10_14,18
2020-06-09,15_19,37
2020-06-09,20_24,70
2020-06-09,25_29,99
2020-06-09,30_34,93
2020-06-09,35_39,82
2020-06-09,40_44,68
2020-06-09,45_49,68
2020-06-09,50_54,54
2020-06-09,55_59,81
2020-06-09,60+,357
2020-06-10,00_04,14
2020-06-10,05_09,21
2020-06-10,10_14,26
2020-06-10,15_19,26
2020-06-10,20_24,73
2020-06-10,25_29,104
2020-06-10,30_34,89
2020-06-10,35_39,68
2020-06-10,40_44,72
2020-06-10,45_49,75
2020-06-10,50_54,67
2020-06-10,55_59,58
2020-06-10,60+,383
2020-06-11,00_04,9
2020-06-11,05_09,11
2020-06-11,10_14,17
2020-06-11,15_19,33
2020-06-11,20_24,66
2020-06-11,25_29,83
2020-06-11,30_34,73
2020-06-11,35_39,83
2020-06-11,40_44,72
2020-06-11,45_49,55
2020-06-11,50_54,72
2020-06-11,55_59,57
2020-06-11,60+,273
2020-06-12,00_04,13
2020-06-12,05_09,22
2020-06-12,10_14,14
2020-06-12,15_19,31
2020-06-12,20_24,61
2020-06-12,25_29,79
2020-06-12,30_34,96
2020-06-12,35_39,77
2020-06-12,40_44,79
2020-06-12,45_49,77
2020-06-12,50_54,68
2020-06-12,55_59,62
2020-06-12,60+,252
2020-06-13,00_04,10
2020-06-13,05_09,14
2020-06-13,10_14,21
2020-06-13,15_19,28
2020-06-13,20_24,50
2020-06-13,25_29,72
2020-06-13,30_34,69
2020-06-13,35_39,68
2020-06-13,40_44,46
2020-06-13,45_49,66
2020-06-13,50_54,65
2020-06-13,55_59,43
2020-06-13,60+,225
2020-06-14,00_04,19
2020-06-14,05_09,10
2020-06-14,10_14,20
2020-06-14,15_19,25
2020-06-14,20_24,51
2020-06-14,25_29,58
2020-06-14,30_34,81
2020-06-14,35_39,75
2020-06-14,40_44,62
2020-06-14,45_49,63
2020-06-14,50_54,58
2020-06-14,55_59,56
2020-06-14,60+,171
2020-06-15,00_04,11
2020-06-15,05_09,17
2020-06-15,10_14,15
2020-06-15,15_19,38
2020-06-15,20_24,67
2020-06-15,25_29,80
2020-06-15,30_34,72
2020-06-15,35_39,78
2020-06-15,40_44,69
2020-06-15,45_49,85
2020-06-15,50_54,76
2020-06-15,55_59,69
2020-06-15,60+,252
2020-06-16,00_04,13
2020-06-16,05_09,21
2020-06-16,10_14,24
2020-06-16,15_19,30
2020-06-16,20_24,69
2020-06-16,25_29,93
2020-06-16,30_34,85
2020-06-16,35_39,69
2020-06-16,40_44,85
2020-06-16,45_49,67
2020-06-16,50_54,57
2020-06-16,55_59,50
2020-06-16,60+,317
2020-06-17,00_04,12
2020-06-17,05_09,11
2020-06-17,10_14,18
2020-06-17,15_19,38
2020-06-17,20_24,66
2020-06-17,25_29,84
2020-06-17,30_34,87
2020-06-17,35_39,70
2020-06-17,40_44,69
2020-06-17,45_49,63
2020-06-17,50_54,62
2020-06-17,55_59,65
2020-06-17,60+,253
2020-06-18,00_04,13
2020-06-18,05_09,16
2020-06-18,10_14,23
2020-06-18,15_19,47
2020-06-18,20_24,70
2020-06-18,25_29,85
2020-06-18,30_34,81
2020-06-18,35_39,85
2020-06-18,40_44,65
2020-06-18,45_49,69
2020-06-18,50_54,62
2020-06-18,55_59,68
2020-06-18,60+,238
2020-06-19,00_04,16
2020-06-19,05_09,10
2020-06-19,10_14,22
2020-06-19,15_19,29
2020-06-19,20_24,47
2020-06-19,25_29,62
2020-06-19,30_34,72
2020-06-19,35_39,64
2020-06-19,40_44,61
2020-06-19,45_49,60
2020-06-19,50_54,69
2020-06-19,55_59,57
2020-06-19,60+,237
2020-06-20,00_04,10
2020-06-20,05_09,10
2020-06-20,10_14,22
2020-06-20,15_19,31
2020-06-20,20_24,48
2020-06-20,25_29,53
2020-06-20,30_34,64
2020-06-20,35_39,42
2020-06-20,40_44,43
2020-06-20,45_49,54
2020-06-20,50_54,57
2020-06-20,55_59,39
2020-06-20,60+,146
2020-06-21,00_04,8
2020-06-21,05_09,7
2020-06-21,10_14,15
2020-06-21,15_19,20
2020-06-21,20_24,44
2020-06-21,25_29,54
2020-06-21,30_34,58
2020-06-21,35_39,44
2020-06-21,40_44,43
2020-06-21,45_49,46
2020-06-21,50_54,40
2020-06-21,55_59,38
2020-06-21,60+,126
2020-06-22,00_04,21
2020-06-22,05_09,21
2020-06-22,10_14,19
2020-06-22,15_19,33
2020-06-22,20_24,65
2020-06-22,25_29,72
2020-06-22,30_34,75
2020-06-22,35_39,77
2020-06-22,40_44,58
2020-06-22,45_49,51
2020-06-22,50_54,58
2020-06-22,55_59,60
2020-06-22,60+,200
2020-06-23,00_04,14
2020-06-23,05_09,11
2020-06-23,10_14,22
2020-06-23,15_19,27
2020-06-23,20_24,56
2020-06-23,25_29,72
2020-06-23,30_34,56
2020-06-23,35_39,50
2020-06-23,40_44,51
2020-06-23,45_49,38
2020-06-23,50_54,48
2020-06-23,55_59,43
2020-06-23,60+,233
2020-06-24,00_04,12
2020-06-24,05_09,14
2020-06-24,10_14,21
2020-06-24,15_19,37
2020-06-24,20_24,67
2020-06-24,25_29,66
2020-06-24,30_34,64
2020-06-24,35_39,56
2020-06-24,40_44,49
2020-06-24,45_49,38
2020-06-24,50_54,51
2020-06-24,55_59,63
2020-06-24,60+,188
2020-06-25,00_04,11
2020-06-25,05_09,16
2020-06-25,10_14,18
2020-06-25,15_19,24
2020-06-25,20_24,47
2020-06-25,25_29,61
2020-06-25,30_34,55
2020-06-25,35_39,56
2020-06-25,40_44,53
2020-06-25,45_49,41
2020-06-25,50_54,51
2020-06-25,55_59,34
2020-06-25,60+,170
2020-06-26,00_04,14
2020-06-26,05_09,16
2020-06-26,10_14,13
2020-06-26,15_19,29
2020-06-26,20_24,48
2020-06-26,25_29,53
2020-06-26,30_34,62
2020-06-26,35_39,63
2020-06-26,40_44,53
2020-06-26,45_49,47
2020-06-26,50_54,39
2020-06-26,55_59,37
2020-06-26,60+,159
2020-06-27,00_04,8
2020-06-27,05_09,20
2020-06-27,10_14,9
2020-06-27,15_19,22
2020-06-27,20_24,49
2020-06-27,25_29,62
2020-06-27,30_34,49
2020-06-27,35_39,50
2020-06-27,40_44,33
2020-06-27,45_49,38
2020-06-27,50_54,24
2020-06-27,55_59,32
2020-06-27,60+,107
2020-06-28,00_04,9
2020-06-28,05_09,7
2020-06-28,10_14,9
2020-06-28,15_19,23
2020-06-28,20_24,45
2020-06-28,25_29,47
2020-06-28,30_34,38
2020-06-28,35_39,36
2020-06-28,40_44,27
2020-06-28,45_49,33
2020-06-28,50_54,21
2020-06-28,55_59,22
2020-06-28,60+,93
2020-06-29,00_04,13
2020-06-29,05_09,13
2020-06-29,10_14,12
2020-06-29,15_19,24
2020-06-29,20_24,49
2020-06-29,25_29,62
2020-06-29,30_34,76
2020-06-29,35_39,50
2020-06-29,40_44,46
2020-06-29,45_49,50
2020-06-29,50_54,57
2020-06-29,55_59,49
2020-06-29,60+,153
2020-06-30,00_04,16
2020-06-30,05_09,16
2020-06-30,10_14,16
2020-06-30,15_19,33
2020-06-30,20_24,44
2020-06-30,25_29,53
2020-06-30,30_34,60
2020-06-30,35_39,46
2020-06-30,40_44,36
2020-06-30,45_49,53
2020-06-30,50_54,48
2020-06-30,55_59,34
2020-06-30,60+,119
2020-07-01,00_04,13
2020-07-01,05_09,16
2020-07-01,10_14,21
2020-07-01,15_19,18
2020-07-01,20_24,46
2020-07-01,25_29,57
2020-07-01,30_34,60
2020-07-01,35_39,55
2020-07-01,40_44,39
2020-07-01,45_49,54
2020-07-01,50_54,35
2020-07-01,55_59,32
2020-07-01,60+,150
2020-07-02,00_04,7
2020-07-02,05_09,15
2020-07-02,10_14,13
2020-07-02,15_19,15
2020-07-02,20_24,43
2020-07-02,25_29,48
2020-07-02,30_34,59
2020-07-02,35_39,40
2020-07-02,40_44,42
2020-07-02,45_49,52
2020-07-02,50_54,40
2020-07-02,55_59,37
2020-07-02,60+,133
2020-07-03,00_04,20
2020-07-03,05_09,11
2020-07-03,10_14,12
2020-07-03,15_19,28
2020-07-03,20_24,41
2020-07-03,25_29,46
2020-07-03,30_34,48
2020-07-03,35_39,43
2020-07-03,40_44,50
2020-07-03,45_49,43
2020-07-03,50_54,28
2020-07-03,55_59,32
2020-07-03,60+,122
2020-07-04,00_04,13
2020-07-04,05_09,5
2020-07-04,10_14,14
2020-07-04,15_19,16
2020-07-04,20_24,39
2020-07-04,25_29,33
2020-07-04,30_34,43
2020-07-04,35_39,37
2020-07-04,40_44,29
2020-07-04,45_49,32
2020-07-04,50_54,24
2020-07-04,55_59,24
2020-07-04,60+,69
2020-07-05,00_04,9
2020-07-05,05_09,10
2020-07-05,10_14,18
2020-07-05,15_19,27
2020-07-05,20_24,61
2020-07-05,25_29,52
2020-07-05,30_34,48
2020-07-05,35_39,54
2020-07-05,40_44,49
2020-07-05,45_49,40
2020-07-05,50_54,34
2020-07-05,55_59,36
2020-07-05,60+,99
2020-07-06,00_04,18
2020-07-06,05_09,16
2020-07-06,10_14,20
2020-07-06,15_19,33
2020-07-06,20_24,36
2020-07-06,25_29,57
2020-07-06,30_34,58
2020-07-06,35_39,66
2020-07-06,40_44,53
2020-07-06,45_49,46
2020-07-06,50_54,44
2020-07-06,55_59,30
2020-07-06,60+,163
2020-07-07,00_04,15
2020-07-07,05_09,20
2020-07-07,10_14,17
2020-07-07,15_19,18
2020-07-07,20_24,40
2020-07-07,25_29,45
2020-07-07,30_34,69
2020-07-07,35_39,42
2020-07-07,40_44,44
2020-07-07,45_49,37
2020-07-07,50_54,41
2020-07-07,55_59,33
2020-07-07,60+,128
2020-07-08,00_04,15
2020-07-08,05_09,10
2020-07-08,10_14,13
2020-07-08,15_19,29
2020-07-08,20_24,44
2020-07-08,25_29,80
2020-07-08,30_34,59
2020-07-08,35_39,61
2020-07-08,40_44,66
2020-07-08,45_49,45
2020-07-08,50_54,50
2020-07-08,55_59,41
2020-07-08,60+,152
2020-07-09,00_04,18
2020-07-09,05_09,15
2020-07-09,10_14,21
2020-07-09,15_19,30
2020-07-09,20_24,71
2020-07-09,25_29,69
2020-07-09,30_34,68
2020-07-09,35_39,58
2020-07-09,40_44,55
2020-07-09,45_49,54
2020-07-09,50_54,47
2020-07-09,55_59,38
2020-07-09,60+,131
2020-07-10,00_04,9
2020-07-10,05_09,14
2020-07-10,10_14,25
2020-07-10,15_19,27
2020-07-10,20_24,39
2020-07-10,25_29,49
2020-07-10,30_34,36
2020-07-10,35_39,47
2020-07-10,40_44,42
2020-07-10,45_49,37
2020-07-10,50_54,43
2020-07-10,55_59,29
2020-07-10,60+,113
2020-07-11,00_04,8
2020-07-11,05_09,14
2020-07-11,10_14,18
2020-07-11,15_19,24
2020-07-11,20_24,39
2020-07-11,25_29,45
2020-07-11,30_34,51
2020-07-11,35_39,33
2020-07-11,40_44,34
2020-07-11,45_49,36
2020-07-11,50_54,23
2020-07-11,55_59,29
2020-07-11,60+,65
2020-07-12,00_04,11
2020-07-12,05_09,14
2020-07-12,10_14,8
2020-07-12,15_19,22
2020-07-12,20_24,33
2020-07-12,25_29,45
2020-07-12,30_34,39
2020-07-12,35_39,29
2020-07-12,40_44,28
2020-07-12,45_49,20
2020-07-12,50_54,29
2020-07-12,55_59,24
2020-07-12,60+,46
2020-07-13,00_04,14
2020-07-13,05_09,26
2020-07-13,10_14,15
2020-07-13,15_19,34
2020-07-13,20_24,54
2020-07-13,25_29,74
2020-07-13,30_34,74
2020-07-13,35_39,62
2020-07-13,40_44,56
2020-07-13,45_49,45
2020-07-13,50_54,38
2020-07-13,55_59,40
2020-07-13,60+,134
2020-07-14,00_04,20
2020-07-14,05_09,22
2020-07-14,10_14,26
2020-07-14,15_19,23
2020-07-14,20_24,60
2020-07-14,25_29,63
2020-07-14,30_34,71
2020-07-14,35_39,57
2020-07-14,40_44,49
2020-07-14,45_49,43
2020-07-14,50_54,33
2020-07-14,55_59,32
2020-07-14,60+,150
2020-07-15,00_04,23
2020-07-15,05_09,17
2020-07-15,10_14,16
2020-07-15,15_19,38
2020-07-15,20_24,65
2020-07-15,25_29,77
2020-07-15,30_34,72
2020-07-15,35_39,58
2020-07-15,40_44,67
2020-07-15,45_49,50
2020-07-15,50_54,50
2020-07-15,55_59,42
2020-07-15,60+,143
2020-07-16,00_04,22
2020-07-16,05_09,16
2020-07-16,10_14,13
2020-07-16,15_19,37
2020-07-16,20_24,78
2020-07-16,25_29,66
2020-07-16,30_34,54
2020-07-16,35_39,56
2020-07-16,40_44,37
2020-07-16,45_49,35
2020-07-16,50_54,51
2020-07-16,55_59,26
2020-07-16,60+,140
2020-07-17,00_04,16
2020-07-17,05_09,19
2020-07-17,10_14,13
2020-07-17,15_19,26
2020-07-17,20_24,64
2020-07-17,25_29,34
2020-07-17,30_34,54
2020-07-17,35_39,56
2020-07-17,40_44,55
2020-07-17,45_49,36
2020-07-17,50_54,40
2020-07-17,55_59,35
2020-07-17,60+,87
2020-07-18,00_04,15
2020-07-18,05_09,11
2020-07-18,10_14,12
2020-07-18,15_19,30
2020-07-18,20_24,48
2020-07-18,25_29,55
2020-07-18,30_34,50
2020-07-18,35_39,46
2020-07-18,40_44,33
2020-07-18,45_49,30
2020-07-18,50_54,38
2020-07-18,55_59,37
2020-07-18,60+,65
2020-07-19,00_04,16
2020-07-19,05_09,17
2020-07-19,10_14,12
2020-07-19,15_19,28
2020-07-19,20_24,40
2020-07-19,25_29,53
2020-07-19,30_34,43
2020-07-19,35_39,36
2020-07-19,40_44,33
2020-07-19,45_49,33
2020-07-19,50_54,21
2020-07-19,55_59,20
2020-07-19,60+,60
2020-07-20,00_04,23
2020-07-20,05_09,10
2020-07-20,10_14,21
2020-07-20,15_19,55
2020-07-20,20_24,71
2020-07-20,25_29,81
2020-07-20,30_34,61
2020-07-20,35_39,69
2020-07-20,40_44,74
2020-07-20,45_49,54
2020-07-20,50_54,51
2020-07-20,55_59,38
2020-07-20,60+,149
2020-07-21,00_04,10
2020-07-21,05_09,16
2020-07-21,10_14,14
2020-07-21,15_19,52
2020-07-21,20_24,59
2020-07-21,25_29,66
2020-07-21,30_34,69
2020-07-21,35_39,70
2020-07-21,40_44,60
2020-07-21,45_49,51
2020-07-21,50_54,46
2020-07-21,55_59,42
2020-07-21,60+,128
2020-07-22,00_04,17
2020-07-22,05_09,25
2020-07-22,10_14,25
2020-07-22,15_19,51
2020-07-22,20_24,90
2020-07-22,25_29,72
2020-07-22,30_34,71
2020-07-22,35_39,55
2020-07-22,40_44,60
2020-07-22,45_49,63
2020-07-22,50_54,48
2020-07-22,55_59,47
2020-07-22,60+,126
2020-07-23,00_04,9
2020-07-23,05_09,18
2020-07-23,10_14,21
2020-07-23,15_19,40
2020-07-23,20_24,98
2020-07-23,25_29,71
2020-07-23,30_34,63
2020-07-23,35_39,64
2020-07-23,40_44,59
2020-07-23,45_49,44
2020-07-23,50_54,51
2020-07-23,55_59,47
2020-07-23,60+,138
2020-07-24,00_04,17
2020-07-24,05_09,20
2020-07-24,10_14,24
2020-07-24,15_19,53
2020-07-24,20_24,68
2020-07-24,25_29,68
2020-07-24,30_34,67
2020-07-24,35_39,56
2020-07-24,40_44,53
2020-07-24,45_49,59
2020-07-24,50_54,43
2020-07-24,55_59,32
2020-07-24,60+,142
2020-07-25,00_04,21
2020-07-25,05_09,12
2020-07-25,10_14,14
2020-07-25,15_19,37
2020-07-25,20_24,52
2020-07-25,25_29,56
2020-07-25,30_34,46
2020-07-25,35_39,36
2020-07-25,40_44,52
2020-07-25,45_49,27
2020-07-25,50_54,31
2020-07-25,55_59,28
2020-07-25,60+,84
2020-07-26,00_04,12
2020-07-26,05_09,14
2020-07-26,10_14,16
2020-07-26,15_19,42
2020-07-26,20_24,60
2020-07-26,25_29,54
2020-07-26,30_34,54
2020-07-26,35_39,50
2020-07-26,40_44,36
2020-07-26,45_49,41
2020-07-26,50_54,45
2020-07-26,55_59,29
2020-07-26,60+,56
2020-07-27,00_04,22
2020-07-27,05_09,22
2020-07-27,10_14,27
2020-07-27,15_19,47
2020-07-27,20_24,79
2020-07-27,25_29,85
2020-07-27,30_34,87
2020-07-27,35_39,67
2020-07-27,40_44,69
2020-07-27,45_49,62
2020-07-27,50_54,61
2020-07-27,55_59,48
2020-07-27,60+,138
2020-07-28,00_04,24
2020-07-28,05_09,22
2020-07-28,10_14,28
2020-07-28,15_19,52
2020-07-28,20_24,89
2020-07-28,25_29,79
2020-07-28,30_34,76
2020-07-28,35_39,60
2020-07-28,40_44,55
2020-07-28,45_49,36
2020-07-28,50_54,44
2020-07-28,55_59,51
2020-07-28,60+,169
2020-07-29,00_04,18
2020-07-29,05_09,31
2020-07-29,10_14,24
2020-07-29,15_19,58
2020-07-29,20_24,95
2020-07-29,25_29,103
2020-07-29,30_34,96
2020-07-29,35_39,106
2020-07-29,40_44,78
2020-07-29,45_49,81
2020-07-29,50_54,64
2020-07-29,55_59,62
2020-07-29,60+,172
2020-07-30,00_04,25
2020-07-30,05_09,15
2020-07-30,10_14,24
2020-07-30,15_19,55
2020-07-30,20_24,92
2020-07-30,25_29,81
2020-07-30,30_34,98
2020-07-30,35_39,85
2020-07-30,40_44,80
2020-07-30,45_49,68
2020-07-30,50_54,54
2020-07-30,55_59,44
2020-07-30,60+,148
2020-07-31,00_04,17
2020-07-31,05_09,14
2020-07-31,10_14,15
2020-07-31,15_19,43
2020-07-31,20_24,65
2020-07-31,25_29,52
2020-07-31,30_34,56
2020-07-31,35_39,60
2020-07-31,40_44,53
2020-07-31,45_49,52
2020-07-31,50_54,43
2020-07-31,55_59,45
2020-07-31,60+,117
2020-08-01,00_04,15
2020-08-01,05_09,17
2020-08-01,10_14,15
2020-08-01,15_19,35
2020-08-01,20_24,51
2020-08-01,25_29,43
2020-08-01,30_34,53
2020-08-01,35_39,64
2020-08-01,40_44,36
2020-08-01,45_49,35
2020-08-01,50_54,33
2020-08-01,55_59,30
2020-08-01,60+,76
2020-08-02,00_04,22
2020-08-02,05_09,15
2020-08-02,10_14,14
2020-08-02,15_19,31
2020-08-02,20_24,81
2020-08-02,25_29,56
2020-08-02,30_34,45
2020-08-02,35_39,53
2020-08-02,40_44,36
2020-08-02,45_49,41
2020-08-02,50_54,30
2020-08-02,55_59,15
2020-08-02,60+,72
2020-08-03,00_04,31
2020-08-03,05_09,20
2020-08-03,10_14,24
2020-08-03,15_19,51
2020-08-03,20_24,98
2020-08-03,25_29,100
2020-08-03,30_34,99
2020-08-03,35_39,78
2020-08-03,40_44,76
2020-08-03,45_49,67
2020-08-03,50_54,69
2020-08-03,55_59,57
2020-08-03,60+,184
2020-08-04,00_04,30
2020-08-04,05_09,16
2020-08-04,10_14,23
2020-08-04,15_19,58
2020-08-04,20_24,97
2020-08-04,25_29,99
2020-08-04,30_34,103
2020-08-04,35_39,63
2020-08-04,40_44,83
2020-08-04,45_49,70
2020-08-04,50_54,74
2020-08-04,55_59,45
2020-08-04,60+,193
2020-08-05,00_04,25
2020-08-05,05_09,13
2020-08-05,10_14,27
2020-08-05,15_19,52
2020-08-05,20_24,105
2020-08-05,25_29,105
2020-08-05,30_34,91
2020-08-05,35_39,82
2020-08-05,40_44,97
2020-08-05,45_49,64
2020-08-05,50_54,62
2020-08-05,55_59,57
2020-08-05,60+,180
2020-08-06,00_04,24
2020-08-06,05_09,25
2020-08-06,10_14,23
2020-08-06,15_19,63
2020-08-06,20_24,99
2020-08-06,25_29,109
2020-08-06,30_34,96
2020-08-06,35_39,95
2020-08-06,40_44,75
2020-08-06,45_49,71
2020-08-06,50_54,79
2020-08-06,55_59,41
2020-08-06,60+,184
2020-08-07,00_04,29
2020-08-07,05_09,27
2020-08-07,10_14,16
2020-08-07,15_19,66
2020-08-07,20_24,91
2020-08-07,25_29,92
2020-08-07,30_34,89
2020-08-07,35_39,79
2020-08-07,40_44,65
2020-08-07,45_49,44
2020-08-07,50_54,66
2020-08-07,55_59,48
2020-08-07,60+,160
2020-08-08,00_04,24
2020-08-08,05_09,20
2020-08-08,10_14,28
2020-08-08,15_19,45
2020-08-08,20_24,61
2020-08-08,25_29,71
2020-08-08,30_34,71
2020-08-08,35_39,63
2020-08-08,40_44,55
2020-08-08,45_49,49
2020-08-08,50_54,37
2020-08-08,55_59,28
2020-08-08,60+,93
2020-08-09,00_04,17
2020-08-09,05_09,18
2020-08-09,10_14,22
2020-08-09,15_19,34
2020-08-09,20_24,77
2020-08-09,25_29,53
2020-08-09,30_34,57
2020-08-09,35_39,58
2020-08-09,40_44,46
2020-08-09,45_49,43
2020-08-09,50_54,32
2020-08-09,55_59,36
2020-08-09,60+,72
2020-08-10,00_04,34
2020-08-10,05_09,42
2020-08-10,10_14,32
2020-08-10,15_19,86
2020-08-10,20_24,160
2020-08-10,25_29,164
2020-08-10,30_34,159
2020-08-10,35_39,114
2020-08-10,40_44,95
2020-08-10,45_49,100
2020-08-10,50_54,83
2020-08-10,55_59,66
2020-08-10,60+,212
2020-08-11,00_04,21
2020-08-11,05_09,39
2020-08-11,10_14,42
2020-08-11,15_19,74
2020-08-11,20_24,123
2020-08-11,25_29,127
2020-08-11,30_34,135
2020-08-11,35_39,110
2020-08-11,40_44,91
2020-08-11,45_49,85
2020-08-11,50_54,78
2020-08-11,55_59,81
2020-08-11,60+,216
2020-08-12,00_04,37
2020-08-12,05_09,26
2020-08-12,10_14,35
2020-08-12,15_19,83
2020-08-12,20_24,153
2020-08-12,25_29,144
2020-08-12,30_34,116
2020-08-12,35_39,93
2020-08-12,40_44,79
2020-08-12,45_49,66
2020-08-12,50_54,59
2020-08-12,55_59,70
2020-08-12,60+,146
2020-08-13,00_04,22
2020-08-13,05_09,17
2020-08-13,10_14,16
2020-08-13,15_19,81
2020-08-13,20_24,126
2020-08-13,25_29,140
2020-08-13,30_34,109
2020-08-13,35_39,76
2020-08-13,40_44,74
2020-08-13,45_49,79
2020-08-13,50_54,65
2020-08-13,55_59,49
2020-08-13,60+,170
2020-08-14,00_04,25
2020-08-14,05_09,23
2020-08-14,10_14,25
2020-08-14,15_19,68
2020-08-14,20_24,136
2020-08-14,25_29,135
2020-08-14,30_34,108
2020-08-14,35_39,88
2020-08-14,40_44,83
2020-08-14,45_49,60
2020-08-14,50_54,67
2020-08-14,55_59,59
2020-08-14,60+,172
2020-08-15,00_04,20
2020-08-15,05_09,14
2020-08-15,10_14,16
2020-08-15,15_19,49
2020-08-15,20_24,94
2020-08-15,25_29,89
2020-08-15,30_34,62
2020-08-15,35_39,59
2020-08-15,40_44,48
2020-08-15,45_49,36
2020-08-15,50_54,43
2020-08-15,55_59,35
2020-08-15,60+,85
2020-08-16,00_04,10
2020-08-16,05_09,18
2020-08-16,10_14,17
2020-08-16,15_19,58
2020-08-16,20_24,68
2020-08-16,25_29,65
2020-08-16,30_34,61
2020-08-16,35_39,47
2020-08-16,40_44,45
2020-08-16,45_49,28
2020-08-16,50_54,33
2020-08-16,55_59,20
2020-08-16,60+,59
2020-08-17,00_04,35
2020-08-17,05_09,26
2020-08-17,10_14,28
2020-08-17,15_19,92
2020-08-17,20_24,175
2020-08-17,25_29,160
2020-08-17,30_34,121
2020-08-17,35_39,95
2020-08-17,40_44,69
2020-08-17,45_49,77
2020-08-17,50_54,75
2020-08-17,55_59,59
2020-08-17,60+,132
2020-08-18,00_04,20
2020-08-18,05_09,23
2020-08-18,10_14,17
2020-08-18,15_19,64
2020-08-18,20_24,151
2020-08-18,25_29,123
2020-08-18,30_34,82
2020-08-18,35_39,69
2020-08-18,40_44,76
2020-08-18,45_49,60
2020-08-18,50_54,56
2020-08-18,55_59,54
2020-08-18,60+,143
2020-08-19,00_04,22
2020-08-19,05_09,12
2020-08-19,10_14,21
2020-08-19,15_19,68
2020-08-19,20_24,152
2020-08-19,25_29,149
2020-08-19,30_34,131
2020-08-19,35_39,90
2020-08-19,40_44,86
2020-08-19,45_49,70
2020-08-19,50_54,73
2020-08-19,55_59,67
2020-08-19,60+,153
2020-08-20,00_04,29
2020-08-20,05_09,27
2020-08-20,10_14,37
2020-08-20,15_19,113
2020-08-20,20_24,199
2020-08-20,25_29,175
2020-08-20,30_34,113
2020-08-20,35_39,97
2020-08-20,40_44,80
2020-08-20,45_49,91
2020-08-20,50_54,71
2020-08-20,55_59,58
2020-08-20,60+,139
2020-08-21,00_04,29
2020-08-21,05_09,14
2020-08-21,10_14,30
2020-08-21,15_19,95
2020-08-21,20_24,141
2020-08-21,25_29,138
2020-08-21,30_34,112
2020-08-21,35_39,87
2020-08-21,40_44,60
2020-08-21,45_49,65
2020-08-21,50_54,68
2020-08-21,55_59,54
2020-08-21,60+,121
2020-08-22,00_04,17
2020-08-22,05_09,21
2020-08-22,10_14,18
2020-08-22,15_19,93
2020-08-22,20_24,129
2020-08-22,25_29,91
2020-08-22,30_34,71
2020-08-22,35_39,53
2020-08-22,40_44,45
2020-08-22,45_49,45
2020-08-22,50_54,35
2020-08-22,55_59,24
2020-08-22,60+,77
2020-08-23,00_04,22
2020-08-23,05_09,23
2020-08-23,10_14,19
2020-08-23,15_19,81
2020-08-23,20_24,101
2020-08-23,25_29,86
2020-08-23,30_34,64
2020-08-23,35_39,57
2020-08-23,40_44,45
2020-08-23,45_49,39
2020-08-23,50_54,52
2020-08-23,55_59,31
2020-08-23,60+,75
2020-08-24,00_04,31
2020-08-24,05_09,34
2020-08-24,10_14,32
2020-08-24,15_19,97
2020-08-24,20_24,157
2020-08-24,25_29,160
2020-08-24,30_34,122
2020-08-24,35_39,97
2020-08-24,40_44,66
2020-08-24,45_49,68
2020-08-24,50_54,64
2020-08-24,55_59,55
2020-08-24,60+,140
2020-08-25,00_04,22
2020-08-25,05_09,13
2020-08-25,10_14,26
2020-08-25,15_19,79
2020-08-25,20_24,144
2020-08-25,25_29,157
2020-08-25,30_34,116
2020-08-25,35_39,72
2020-08-25,40_44,65
2020-08-25,45_49,72
2020-08-25,50_54,64
2020-08-25,55_59,58
2020-08-25,60+,146
2020-08-26,00_04,29
2020-08-26,05_09,17
2020-08-26,10_14,26
2020-08-26,15_19,132
2020-08-26,20_24,174
2020-08-26,25_29,174
2020-08-26,30_34,129
2020-08-26,35_39,85
2020-08-26,40_44,77
2020-08-26,45_49,67
2020-08-26,50_54,55
2020-08-26,55_59,49
2020-08-26,60+,138
2020-08-27,00_04,31
2020-08-27,05_09,27
2020-08-27,10_14,37
2020-08-27,15_19,160
2020-08-27,20_24,189
2020-08-27,25_29,180
2020-08-27,30_34,116
2020-08-27,35_39,130
2020-08-27,40_44,66
2020-08-27,45_49,75
2020-08-27,50_54,81
2020-08-27,55_59,59
2020-08-27,60+,175
2020-08-28,00_04,27
2020-08-28,05_09,34
2020-08-28,10_14,37
2020-08-28,15_19,177
2020-08-28,20_24,211
2020-08-28,25_29,173
2020-08-28,30_34,157
2020-08-28,35_39,109
2020-08-28,40_44,85
2020-08-28,45_49,78
2020-08-28,50_54,72
2020-08-28,55_59,51
2020-08-28,60+,140
2020-08-29,00_04,26
2020-08-29,05_09,32
2020-08-29,10_14,31
2020-08-29,15_19,148
2020-08-29,20_24,172
2020-08-29,25_29,114
2020-08-29,30_34,103
2020-08-29,35_39,71
2020-08-29,40_44,64
2020-08-29,45_49,52
2020-08-29,50_54,58
2020-08-29,55_59,43
2020-08-29,60+,106
2020-08-30,00_04,23
2020-08-30,05_09,29
2020-08-30,10_14,33
2020-08-30,15_19,149
2020-08-30,20_24,143
2020-08-30,25_29,99
2020-08-30,30_34,82
2020-08-30,35_39,82
2020-08-30,40_44,59
2020-08-30,45_49,68
2020-08-30,50_54,56
2020-08-30,55_59,52
2020-08-30,60+,91
2020-08-31,00_04,28
2020-08-31,05_09,38
2020-08-31,10_14,40
2020-08-31,15_19,136
2020-08-31,20_24,198
2020-08-31,25_29,154
2020-08-31,30_34,109
2020-08-31,35_39,104
2020-08-31,40_44,88
2020-08-31,45_49,100
2020-08-31,50_54,81
2020-08-31,55_59,72
2020-08-31,60+,119
2020-09-01,00_04,46
2020-09-01,05_09,24
2020-09-01,10_14,41
2020-09-01,15_19,164
2020-09-01,20_24,276
2020-09-01,25_29,252
2020-09-01,30_34,190
2020-09-01,35_39,175
2020-09-01,40_44,146
2020-09-01,45_49,127
2020-09-01,50_54,134
2020-09-01,55_59,97
2020-09-01,60+,257
2020-09-02,00_04,41
2020-09-02,05_09,47
2020-09-02,10_14,58
2020-09-02,15_19,236
2020-09-02,20_24,360
2020-09-02,25_29,333
2020-09-02,30_34,246
2020-09-02,35_39,198
2020-09-02,40_44,181
2020-09-02,45_49,176
2020-09-02,50_54,197
2020-09-02,55_59,170
2020-09-02,60+,418
2020-09-03,00_04,45
2020-09-03,05_09,56
2020-09-03,10_14,63
2020-09-03,15_19,209
2020-09-03,20_24,408
2020-09-03,25_29,332
2020-09-03,30_34,225
2020-09-03,35_39,213
2020-09-03,40_44,215
2020-09-03,45_49,174
2020-09-03,50_54,213
2020-09-03,55_59,171
2020-09-03,60+,365
2020-09-04,00_04,60
2020-09-04,05_09,56
2020-09-04,10_14,69
2020-09-04,15_19,208
2020-09-04,20_24,393
2020-09-04,25_29,324
2020-09-04,30_34,267
2020-09-04,35_39,226
2020-09-04,40_44,177
2020-09-04,45_49,174
2020-09-04,50_54,146
2020-09-04,55_59,135
2020-09-04,60+,370
2020-09-05,00_04,42
2020-09-05,05_09,66
2020-09-05,10_14,61
2020-09-05,15_19,218
2020-09-05,20_24,324
2020-09-05,25_29,248
2020-09-05,30_34,228
2020-09-05,35_39,202
2020-09-05,40_44,155
2020-09-05,45_49,143
2020-09-05,50_54,135
2020-09-05,55_59,101
2020-09-05,60+,253
2020-09-06,00_04,49
2020-09-06,05_09,70
2020-09-06,10_14,76
2020-09-06,15_19,180
2020-09-06,20_24,327
2020-09-06,25_29,200
2020-09-06,30_34,199
2020-09-06,35_39,184
2020-09-06,40_44,138
2020-09-06,45_49,135
2020-09-06,50_54,139
2020-09-06,55_59,131
2020-09-06,60+,236
2020-09-07,00_04,70
2020-09-07,05_09,120
2020-09-07,10_14,115
2020-09-07,15_19,273
2020-09-07,20_24,459
2020-09-07,25_29,397
2020-09-07,30_34,345
2020-09-07,35_39,286
2020-09-07,40_44,214
2020-09-07,45_49,234
2020-09-07,50_54,241
2020-09-07,55_59,220
2020-09-07,60+,504
2020-09-08,00_04,54
2020-09-08,05_09,101
2020-09-08,10_14,113
2020-09-08,15_19,230
2020-09-08,20_24,416
2020-09-08,25_29,343
2020-09-08,30_34,285
2020-09-08,35_39,240
2020-09-08,40_44,218
2020-09-08,45_49,206
2020-09-08,50_54,217
2020-09-08,55_59,190
2020-09-08,60+,432
2020-09-09,00_04,61
2020-09-09,05_09,99
2020-09-09,10_14,83
2020-09-09,15_19,236
2020-09-09,20_24,404
2020-09-09,25_29,338
2020-09-09,30_34,278
2020-09-09,35_39,230
2020-09-09,40_44,203
2020-09-09,45_49,186
2020-09-09,50_54,212
2020-09-09,55_59,158
2020-09-09,60+,374
2020-09-10,00_04,73
2020-09-10,05_09,118
2020-09-10,10_14,132
2020-09-10,15_19,255
2020-09-10,20_24,381
2020-09-10,25_29,349
2020-09-10,30_34,301
2020-09-10,35_39,270
2020-09-10,40_44,229
2020-09-10,45_49,221
2020-09-10,50_54,207
2020-09-10,55_59,163
2020-09-10,60+,389
2020-09-11,00_04,68
2020-09-11,05_09,104
2020-09-11,10_14,136
2020-09-11,15_19,216
2020-09-11,20_24,382
2020-09-11,25_29,281
2020-09-11,30_34,270
2020-09-11,35_39,215
2020-09-11,40_44,204
2020-09-11,45_49,207
2020-09-11,50_54,167
2020-09-11,55_59,161
2020-09-11,60+,378
2020-09-12,00_04,57
2020-09-12,05_09,83
2020-09-12,10_14,94
2020-09-12,15_19,194
2020-09-12,20_24,270
2020-09-12,25_29,196
2020-09-12,30_34,215
2020-09-12,35_39,185
2020-09-12,40_44,160
2020-09-12,45_49,155
2020-09-12,50_54,165
2020-09-12,55_59,144
2020-09-12,60+,278
2020-09-13,00_04,50
2020-09-13,05_09,92
2020-09-13,10_14,85
2020-09-13,15_19,156
2020-09-13,20_24,186
2020-09-13,25_29,143
2020-09-13,30_34,133
2020-09-13,35_39,133
2020-09-13,40_44,139
2020-09-13,45_49,132
2020-09-13,50_54,111
2020-09-13,55_59,84
2020-09-13,60+,253
2020-09-14,00_04,40
2020-09-14,05_09,85
2020-09-14,10_14,110
2020-09-14,15_19,220
2020-09-14,20_24,335
2020-09-14,25_29,299
2020-09-14,30_34,303
2020-09-14,35_39,263
2020-09-14,40_44,212
2020-09-14,45_49,228
2020-09-14,50_54,225
2020-09-14,55_59,162
2020-09-14,60+,386
2020-09-15,00_04,48
2020-09-15,05_09,102
2020-09-15,10_14,154
2020-09-15,15_19,213
2020-09-15,20_24,328
2020-09-15,25_29,293
2020-09-15,30_34,264
2020-09-15,35_39,267
2020-09-15,40_44,212
2020-09-15,45_49,230
2020-09-15,50_54,219
2020-09-15,55_59,205
2020-09-15,60+,449
2020-09-16,00_04,72
2020-09-16,05_09,83
2020-09-16,10_14,151
2020-09-16,15_19,283
2020-09-16,20_24,445
2020-09-16,25_29,407
2020-09-16,30_34,342
2020-09-16,35_39,288
2020-09-16,40_44,308
2020-09-16,45_49,297
2020-09-16,50_54,297
2020-09-16,55_59,238
2020-09-16,60+,496
2020-09-17,00_04,86
2020-09-17,05_09,98
2020-09-17,10_14,185
2020-09-17,15_19,321
2020-09-17,20_24,471
2020-09-17,25_29,408
2020-09-17,30_34,345
2020-09-17,35_39,360
2020-09-17,40_44,301
2020-09-17,45_49,291
2020-09-17,50_54,309
2020-09-17,55_59,229
2020-09-17,60+,473
2020-09-18,00_04,106
2020-09-18,05_09,106
2020-09-18,10_14,198
2020-09-18,15_19,346
2020-09-18,20_24,545
2020-09-18,25_29,456
2020-09-18,30_34,388
2020-09-18,35_39,372
2020-09-18,40_44,317
2020-09-18,45_49,303
2020-09-18,50_54,324
2020-09-18,55_59,245
2020-09-18,60+,487
2020-09-19,00_04,123
2020-09-19,05_09,95
2020-09-19,10_14,208
2020-09-19,15_19,418
2020-09-19,20_24,532
2020-09-19,25_29,420
2020-09-19,30_34,366
2020-09-19,35_39,357
2020-09-19,40_44,305
2020-09-19,45_49,284
2020-09-19,50_54,290
2020-09-19,55_59,262
2020-09-19,60+,439
2020-09-20,00_04,129
2020-09-20,05_09,117
2020-09-20,10_14,203
2020-09-20,15_19,436
2020-09-20,20_24,564
2020-09-20,25_29,480
2020-09-20,30_34,405
2020-09-20,35_39,422
2020-09-20,40_44,325
2020-09-20,45_49,320
2020-09-20,50_54,365
2020-09-20,55_59,292
2020-09-20,60+,518
2020-09-21,00_04,91
2020-09-21,05_09,108
2020-09-21,10_14,217
2020-09-21,15_19,429
2020-09-21,20_24,568
2020-09-21,25_29,473
2020-09-21,30_34,435
2020-09-21,35_39,398
2020-09-21,40_44,348
2020-09-21,45_49,317
2020-09-21,50_54,362
2020-09-21,55_59,284
2020-09-21,60+,562
2020-09-22,00_04,91
2020-09-22,05_09,92
2020-09-22,10_14,217
2020-09-22,15_19,542
2020-09-22,20_24,663
2020-09-22,25_29,555
2020-09-22,30_34,492
2020-09-22,35_39,429
2020-09-22,40_44,382
2020-09-22,45_49,347
2020-09-22,50_54,392
2020-09-22,55_59,323
2020-09-22,60+,742
2020-09-23,00_04,113
2020-09-23,05_09,110
2020-09-23,10_14,225
2020-09-23,15_19,708
2020-09-23,20_24,758
2020-09-23,25_29,608
2020-09-23,30_34,489
2020-09-23,35_39,446
2020-09-23,40_44,412
2020-09-23,45_49,404
2020-09-23,50_54,369
2020-09-23,55_59,367
2020-09-23,60+,729
2020-09-24,00_04,114
2020-09-24,05_09,82
2020-09-24,10_14,225
2020-09-24,15_19,789
2020-09-24,20_24,881
2020-09-24,25_29,621
2020-09-24,30_34,577
2020-09-24,35_39,513
2020-09-24,40_44,412
2020-09-24,45_49,410
2020-09-24,50_54,441
2020-09-24,55_59,357
2020-09-24,60+,790
2020-09-25,00_04,137
2020-09-25,05_09,101
2020-09-25,10_14,207
2020-09-25,15_19,810
2020-09-25,20_24,846
2020-09-25,25_29,565
2020-09-25,30_34,528
2020-09-25,35_39,444
2020-09-25,40_44,370
2020-09-25,45_49,452
2020-09-25,50_54,404
2020-09-25,55_59,335
2020-09-25,60+,730
2020-09-26,00_04,109
2020-09-26,05_09,84
2020-09-26,10_14,197
2020-09-26,15_19,997
2020-09-26,20_24,819
2020-09-26,25_29,463
2020-09-26,30_34,441
2020-09-26,35_39,386
2020-09-26,40_44,352
2020-09-26,45_49,364
2020-09-26,50_54,364
2020-09-26,55_59,330
2020-09-26,60+,654
2020-09-27,00_04,130
2020-09-27,05_09,73
2020-09-27,10_14,198
2020-09-27,15_19,1240
2020-09-27,20_24,892
2020-09-27,25_29,540
2020-09-27,30_34,397
2020-09-27,35_39,426
2020-09-27,40_44,357
2020-09-27,45_49,365
2020-09-27,50_54,416
2020-09-27,55_59,341
2020-09-27,60+,601
2020-09-28,00_04,150
2020-09-28,05_09,117
2020-09-28,10_14,237
2020-09-28,15_19,1547
2020-09-28,20_24,1226
2020-09-28,25_29,725
2020-09-28,30_34,714
2020-09-28,35_39,592
2020-09-28,40_44,515
2020-09-28,45_49,557
2020-09-28,50_54,565
2020-09-28,55_59,470
2020-09-28,60+,1029
2020-09-29,00_04,152
2020-09-29,05_09,86
2020-09-29,10_14,246
2020-09-29,15_19,1867
2020-09-29,20_24,1344
2020-09-29,25_29,747
2020-09-29,30_34,621
2020-09-29,35_39,518
2020-09-29,40_44,460
2020-09-29,45_49,500
2020-09-29,50_54,565
2020-09-29,55_59,452
2020-09-29,60+,1094
2020-09-30,00_04,180
2020-09-30,05_09,121
2020-09-30,10_14,234
2020-09-30,15_19,2670
2020-09-30,20_24,1703
2020-09-30,25_29,861
2020-09-30,30_34,764
2020-09-30,35_39,634
2020-09-30,40_44,536
2020-09-30,45_49,557
2020-09-30,50_54,640
2020-09-30,55_59,533
2020-09-30,60+,1111
2020-10-01,00_04,205
2020-10-01,05_09,125
2020-10-01,10_14,281
2020-10-01,15_19,2731
2020-10-01,20_24,1807
2020-10-01,25_29,940
2020-10-01,30_34,768
2020-10-01,35_39,673
2020-10-01,40_44,555
2020-10-01,45_49,644
2020-10-01,50_54,701
2020-10-01,55_59,605
2020-10-01,60+,1245
2020-10-02,00_04,221
2020-10-02,05_09,131
2020-10-02,10_14,321
2020-10-02,15_19,2608
2020-10-02,20_24,1953
2020-10-02,25_29,900
2020-10-02,30_34,834
2020-10-02,35_39,683
2020-10-02,40_44,631
2020-10-02,45_49,584
2020-10-02,50_54,711
2020-10-02,55_59,669
2020-10-02,60+,1314
2020-10-03,00_04,193
2020-10-03,05_09,105
2020-10-03,10_14,234
2020-10-03,15_19,2125
2020-10-03,20_24,1601
2020-10-03,25_29,735
2020-10-03,30_34,690
2020-10-03,35_39,609
2020-10-03,40_44,499
2020-10-03,45_49,608
2020-10-03,50_54,626
2020-10-03,55_59,539
2020-10-03,60+,1148
2020-10-04,00_04,171
2020-10-04,05_09,95
2020-10-04,10_14,220
2020-10-04,15_19,2233
2020-10-04,20_24,1704
2020-10-04,25_29,782
2020-10-04,30_34,706
2020-10-04,35_39,630
2020-10-04,40_44,564
2020-10-04,45_49,578
2020-10-04,50_54,626
2020-10-04,55_59,562
2020-10-04,60+,1048
2020-10-05,00_04,266
2020-10-05,05_09,183
2020-10-05,10_14,377
2020-10-05,15_19,2658
2020-10-05,20_24,2254
2020-10-05,25_29,1143
2020-10-05,30_34,1016
2020-10-05,35_39,893
2020-10-05,40_44,832
2020-10-05,45_49,894
2020-10-05,50_54,933
2020-10-05,55_59,873
2020-10-05,60+,1732
2020-10-06,00_04,236
2020-10-06,05_09,195
2020-10-06,10_14,422
2020-10-06,15_19,2602
2020-10-06,20_24,2349
2020-10-06,25_29,1229
2020-10-06,30_34,1105
2020-10-06,35_39,938
2020-10-06,40_44,815
2020-10-06,45_49,895
2020-10-06,50_54,963
2020-10-06,55_59,825
2020-10-06,60+,1728
2020-10-07,00_04,237
2020-10-07,05_09,200
2020-10-07,10_14,437
2020-10-07,15_19,2911
2020-10-07,20_24,2508
2020-10-07,25_29,1301
2020-10-07,30_34,1108
2020-10-07,35_39,970
2020-10-07,40_44,834
2020-10-07,45_49,914
2020-10-07,50_54,969
2020-10-07,55_59,891
2020-10-07,60+,1975
2020-10-08,00_04,280
2020-10-08,05_09,232
2020-10-08,10_14,457
2020-10-08,15_19,2860
2020-10-08,20_24,2505
2020-10-08,25_29,1283
2020-10-08,30_34,1107
2020-10-08,35_39,1020
2020-10-08,40_44,885
2020-10-08,45_49,921
2020-10-08,50_54,1021
2020-10-08,55_59,915
2020-10-08,60+,1822
2020-10-09,00_04,246
2020-10-09,05_09,209
2020-10-09,10_14,394
2020-10-09,15_19,2207
2020-10-09,20_24,1976
2020-10-09,25_29,1126
2020-10-09,30_34,997
2020-10-09,35_39,848
2020-10-09,40_44,759
2020-10-09,45_49,820
2020-10-09,50_54,910
2020-10-09,55_59,768
2020-10-09,60+,1753
2020-10-10,00_04,196
2020-10-10,05_09,149
2020-10-10,10_14,328
2020-10-10,15_19,1713
2020-10-10,20_24,1499
2020-10-10,25_29,855
2020-10-10,30_34,791
2020-10-10,35_39,676
2020-10-10,40_44,686
2020-10-10,45_49,696
2020-10-10,50_54,688
2020-10-10,55_59,591
2020-10-10,60+,1340
2020-10-11,00_04,175
2020-10-11,05_09,161
2020-10-11,10_14,283
2020-10-11,15_19,1533
2020-10-11,20_24,1347
2020-10-11,25_29,796
2020-10-11,30_34,793
2020-10-11,35_39,653
2020-10-11,40_44,637
2020-10-11,45_49,644
2020-10-11,50_54,734
2020-10-11,55_59,630
2020-10-11,60+,1328
2020-10-12,00_04,273
2020-10-12,05_09,277
2020-10-12,10_14,546
2020-10-12,15_19,2152
2020-10-12,20_24,2187
2020-10-12,25_29,1503
2020-10-12,30_34,1273
2020-10-12,35_39,1171
2020-10-12,40_44,1074
2020-10-12,45_49,1148
2020-10-12,50_54,1188
2020-10-12,55_59,1035
2020-10-12,60+,2410
2020-10-13,00_04,282
2020-10-13,05_09,262
2020-10-13,10_14,458
2020-10-13,15_19,2099
2020-10-13,20_24,2209
2020-10-13,25_29,1345
2020-10-13,30_34,1262
2020-10-13,35_39,1123
2020-10-13,40_44,1013
2020-10-13,45_49,976
2020-10-13,50_54,1178
2020-10-13,55_59,1011
2020-10-13,60+,2274
2020-10-14,00_04,303
2020-10-14,05_09,287
2020-10-14,10_14,541
2020-10-14,15_19,1958
2020-10-14,20_24,2242
2020-10-14,25_29,1517
2020-10-14,30_34,1376
2020-10-14,35_39,1208
2020-10-14,40_44,1083
2020-10-14,45_49,1179
2020-10-14,50_54,1228
2020-10-14,55_59,1079
2020-10-14,60+,2429
2020-10-15,00_04,310
2020-10-15,05_09,300
2020-10-15,10_14,529
2020-10-15,15_19,1731
2020-10-15,20_24,1926
2020-10-15,25_29,1426
2020-10-15,30_34,1294
2020-10-15,35_39,1104
2020-10-15,40_44,1001
2020-10-15,45_49,1058
2020-10-15,50_54,1156
2020-10-15,55_59,1064
2020-10-15,60+,2327
2020-10-16,00_04,267
2020-10-16,05_09,285
2020-10-16,10_14,501
2020-10-16,15_19,1532
2020-10-16,20_24,1778
2020-10-16,25_29,1369
2020-10-16,30_34,1192
2020-10-16,35_39,1096
2020-10-16,40_44,1017
2020-10-16,45_49,1006
2020-10-16,50_54,1120
2020-10-16,55_59,988
2020-10-16,60+,2403
2020-10-17,00_04,211
2020-10-17,05_09,239
2020-10-17,10_14,414
2020-10-17,15_19,1140
2020-10-17,20_24,1403
2020-10-17,25_29,1167
2020-10-17,30_34,1069
2020-10-17,35_39,998
2020-10-17,40_44,874
2020-10-17,45_49,915
2020-10-17,50_54,992
2020-10-17,55_59,894
2020-10-17,60+,1997
2020-10-18,00_04,248
2020-10-18,05_09,203
2020-10-18,10_14,395
2020-10-18,15_19,1186
2020-10-18,20_24,1340
2020-10-18,25_29,1101
2020-10-18,30_34,1065
2020-10-18,35_39,946
2020-10-18,40_44,873
2020-10-18,45_49,920
2020-10-18,50_54,964
2020-10-18,55_59,805
2020-10-18,60+,1742
2020-10-19,00_04,350
2020-10-19,05_09,398
2020-10-19,10_14,852
2020-10-19,15_19,1974
2020-10-19,20_24,2424
2020-10-19,25_29,2011
2020-10-19,30_34,2052
2020-10-19,35_39,1783
2020-10-19,40_44,1668
2020-10-19,45_49,1717
2020-10-19,50_54,1715
2020-10-19,55_59,1615
2020-10-19,60+,3450
2020-10-20,00_04,412
2020-10-20,05_09,433
2020-10-20,10_14,845
2020-10-20,15_19,1834
2020-10-20,20_24,2370
2020-10-20,25_29,2089
2020-10-20,30_34,1920
2020-10-20,35_39,1702
2020-10-20,40_44,1501
2020-10-20,45_49,1614
2020-10-20,50_54,1730
2020-10-20,55_59,1538
2020-10-20,60+,3312
2020-10-21,00_04,380
2020-10-21,05_09,413
2020-10-21,10_14,822
2020-10-21,15_19,1888
2020-10-21,20_24,2464
2020-10-21,25_29,2040
2020-10-21,30_34,1925
2020-10-21,35_39,1767
2020-10-21,40_44,1557
2020-10-21,45_49,1601
2020-10-21,50_54,1678
2020-10-21,55_59,1500
2020-10-21,60+,3377
2020-10-22,00_04,396
2020-10-22,05_09,361
2020-10-22,10_14,710
2020-10-22,15_19,1720
2020-10-22,20_24,2081
2020-10-22,25_29,1883
2020-10-22,30_34,1736
2020-10-22,35_39,1584
2020-10-22,40_44,1376
2020-10-22,45_49,1478
2020-10-22,50_54,1563
2020-10-22,55_59,1422
2020-10-22,60+,3217
2020-10-23,00_04,344
2020-10-23,05_09,312
2020-10-23,10_14,652
2020-10-23,15_19,1474
2020-10-23,20_24,1997
2020-10-23,25_29,1616
2020-10-23,30_34,1619
2020-10-23,35_39,1437
2020-10-23,40_44,1319
2020-10-23,45_49,1347
2020-10-23,50_54,1500
2020-10-23,55_59,1264
2020-10-23,60+,3125
2020-10-24,00_04,265
2020-10-24,05_09,240
2020-10-24,10_14,490
2020-10-24,15_19,1068
2020-10-24,20_24,1344
2020-10-24,25_29,1277
2020-10-24,30_34,1225
2020-10-24,35_39,1103
2020-10-24,40_44,1085
2020-10-24,45_49,1054
2020-10-24,50_54,1080
2020-10-24,55_59,934
2020-10-24,60+,2253
2020-10-25,00_04,244
2020-10-25,05_09,250
2020-10-25,10_14,420
2020-10-25,15_19,1005
2020-10-25,20_24,1368
2020-10-25,25_29,1279
2020-10-25,30_34,1144
2020-10-25,35_39,1110
2020-10-25,40_44,1042
2020-10-25,45_49,1041
2020-10-25,50_54,1099
2020-10-25,55_59,969
2020-10-25,60+,2207
2020-10-26,00_04,443
2020-10-26,05_09,382
2020-10-26,10_14,752
2020-10-26,15_19,1561
2020-10-26,20_24,2274
2020-10-26,25_29,2119
2020-10-26,30_34,2154
2020-10-26,35_39,1865
2020-10-26,40_44,1781
2020-10-26,45_49,1830
2020-10-26,50_54,1952
2020-10-26,55_59,1760
2020-10-26,60+,3861
2020-10-27,00_04,357
2020-10-27,05_09,323
2020-10-27,10_14,718
2020-10-27,15_19,1437
2020-10-27,20_24,2146
2020-10-27,25_29,1992
2020-10-27,30_34,1928
2020-10-27,35_39,1703
2020-10-27,40_44,1548
2020-10-27,45_49,1577
2020-10-27,50_54,1728
2020-10-27,55_59,1529
2020-10-27,60+,3439
2020-10-28,00_04,409
2020-10-28,05_09,384
2020-10-28,10_14,620
2020-10-28,15_19,1349
2020-10-28,20_24,2111
2020-10-28,25_29,2072
2020-10-28,30_34,1852
2020-10-28,35_39,1666
2020-10-28,40_44,1549
2020-10-28,45_49,1636
2020-10-28,50_54,1678
2020-10-28,55_59,1513
2020-10-28,60+,3463
2020-10-29,00_04,376
2020-10-29,05_09,372
2020-10-29,10_14,679
2020-10-29,15_19,1252
2020-10-29,20_24,2028
2020-10-29,25_29,1972
2020-10-29,30_34,1752
2020-10-29,35_39,1625
2020-10-29,40_44,1541
2020-10-29,45_49,1665
2020-10-29,50_54,1638
2020-10-29,55_59,1464
2020-10-29,60+,3629
2020-10-30,00_04,405
2020-10-30,05_09,364
2020-10-30,10_14,645
2020-10-30,15_19,1255
2020-10-30,20_24,1922
2020-10-30,25_29,1854
2020-10-30,30_34,1739
2020-10-30,35_39,1543
2020-10-30,40_44,1477
2020-10-30,45_49,1550
2020-10-30,50_54,1689
2020-10-30,55_59,1521
2020-10-30,60+,3724
2020-10-31,00_04,270
2020-10-31,05_09,263
2020-10-31,10_14,498
2020-10-31,15_19,924
2020-10-31,20_24,1304
2020-10-31,25_29,1426
2020-10-31,30_34,1327
2020-10-31,35_39,1288
2020-10-31,40_44,1139
2020-10-31,45_49,1165
2020-10-31,50_54,1248
2020-10-31,55_59,1099
2020-10-31,60+,2475
2020-11-01,00_04,237
2020-11-01,05_09,266
2020-11-01,10_14,472
2020-11-01,15_19,832
2020-11-01,20_24,1205
2020-11-01,25_29,1202
2020-11-01,30_34,1250
2020-11-01,35_39,1170
2020-11-01,40_44,1161
2020-11-01,45_49,1150
2020-11-01,50_54,1172
2020-11-01,55_59,972
2020-11-01,60+,2396
2020-11-02,00_04,482
2020-11-02,05_09,533
2020-11-02,10_14,954
2020-11-02,15_19,1736
2020-11-02,20_24,2636
2020-11-02,25_29,2623
2020-11-02,30_34,2477
2020-11-02,35_39,2441
2020-11-02,40_44,2185
2020-11-02,45_49,2256
2020-11-02,50_54,2448
2020-11-02,55_59,2111
2020-11-02,60+,5240
2020-11-03,00_04,414
2020-11-03,05_09,455
2020-11-03,10_14,806
2020-11-03,15_19,1491
2020-11-03,20_24,2171
2020-11-03,25_29,2090
2020-11-03,30_34,2001
2020-11-03,35_39,1879
2020-11-03,40_44,1728
2020-11-03,45_49,1785
2020-11-03,50_54,1858
2020-11-03,55_59,1622
2020-11-03,60+,4191
2020-11-04,00_04,414
2020-11-04,05_09,387
2020-11-04,10_14,765
2020-11-04,15_19,1377
2020-11-04,20_24,2053
2020-11-04,25_29,2055
2020-11-04,30_34,1943
2020-11-04,35_39,1642
2020-11-04,40_44,1562
2020-11-04,45_49,1574
2020-11-04,50_54,1687
2020-11-04,55_59,1577
2020-11-04,60+,3842
2020-11-05,00_04,451
2020-11-05,05_09,398
2020-11-05,10_14,814
2020-11-05,15_19,1500
2020-11-05,20_24,2191
2020-11-05,25_29,1989
2020-11-05,30_34,1930
2020-11-05,35_39,1703
2020-11-05,40_44,1535
2020-11-05,45_49,1602
2020-11-05,50_54,1691
2020-11-05,55_59,1585
2020-11-05,60+,3638
2020-11-06,00_04,399
2020-11-06,05_09,433
2020-11-06,10_14,785
2020-11-06,15_19,1438
2020-11-06,20_24,2085
2020-11-06,25_29,2018
2020-11-06,30_34,1836
2020-11-06,35_39,1727
2020-11-06,40_44,1619
2020-11-06,45_49,1551
2020-11-06,50_54,1807
2020-11-06,55_59,1462
2020-11-06,60+,3841
2020-11-07,00_04,334
2020-11-07,05_09,322
2020-11-07,10_14,560
2020-11-07,15_19,1168
2020-11-07,20_24,1770
2020-11-07,25_29,1601
2020-11-07,30_34,1526
2020-11-07,35_39,1444
2020-11-07,40_44,1337
2020-11-07,45_49,1323
2020-11-07,50_54,1365
2020-11-07,55_59,1247
2020-11-07,60+,2801
2020-11-08,00_04,394
2020-11-08,05_09,369
2020-11-08,10_14,568
2020-11-08,15_19,1268
2020-11-08,20_24,1829
2020-11-08,25_29,1775
2020-11-08,30_34,1683
2020-11-08,35_39,1582
2020-11-08,40_44,1355
2020-11-08,45_49,1368
2020-11-08,50_54,1581
2020-11-08,55_59,1374
2020-11-08,60+,3058
2020-11-09,00_04,532
2020-11-09,05_09,604
2020-11-09,10_14,1102
2020-11-09,15_19,1917
2020-11-09,20_24,2747
2020-11-09,25_29,2663
2020-11-09,30_34,2563
2020-11-09,35_39,2230
2020-11-09,40_44,2111
2020-11-09,45_49,2174
2020-11-09,50_54,2434
2020-11-09,55_59,2163
2020-11-09,60+,5131
2020-11-10,00_04,486
2020-11-10,05_09,580
2020-11-10,10_14,1005
2020-11-10,15_19,1626
2020-11-10,20_24,2369
2020-11-10,25_29,2273
2020-11-10,30_34,2197
2020-11-10,35_39,1926
2020-11-10,40_44,1817
2020-11-10,45_49,1905
2020-11-10,50_54,1960
2020-11-10,55_59,1806
2020-11-10,60+,4685
2020-11-11,00_04,489
2020-11-11,05_09,568
2020-11-11,10_14,1128
2020-11-11,15_19,1728
2020-11-11,20_24,2345
2020-11-11,25_29,2322
2020-11-11,30_34,2143
2020-11-11,35_39,2010
2020-11-11,40_44,1786
2020-11-11,45_49,1917
2020-11-11,50_54,2077
2020-11-11,55_59,1869
2020-11-11,60+,4508
2020-11-12,00_04,419
2020-11-12,05_09,601
2020-11-12,10_14,1002
2020-11-12,15_19,1628
2020-11-12,20_24,2022
2020-11-12,25_29,2101
2020-11-12,30_34,1992
2020-11-12,35_39,1782
2020-11-12,40_44,1678
2020-11-12,45_49,1727
2020-11-12,50_54,1763
2020-11-12,55_59,1579
2020-11-12,60+,3878
2020-11-13,00_04,473
2020-11-13,05_09,592
2020-11-13,10_14,1043
2020-11-13,15_19,1584
2020-11-13,20_24,1854
2020-11-13,25_29,1935
2020-11-13,30_34,1857
2020-11-13,35_39,1793
2020-11-13,40_44,1631
2020-11-13,45_49,1709
2020-11-13,50_54,1760
2020-11-13,55_59,1622
2020-11-13,60+,3981
2020-11-14,00_04,347
2020-11-14,05_09,392
2020-11-14,10_14,830
2020-11-14,15_19,1150
2020-11-14,20_24,1408
2020-11-14,25_29,1434
2020-11-14,30_34,1390
2020-11-14,35_39,1375
2020-11-14,40_44,1246
2020-11-14,45_49,1319
2020-11-14,50_54,1348
2020-11-14,55_59,1203
2020-11-14,60+,2740
2020-11-15,00_04,344
2020-11-15,05_09,385
2020-11-15,10_14,708
2020-11-15,15_19,1043
2020-11-15,20_24,1124
2020-11-15,25_29,1229
2020-11-15,30_34,1207
2020-11-15,35_39,1169
2020-11-15,40_44,1163
2020-11-15,45_49,1159
2020-11-15,50_54,1189
2020-11-15,55_59,1085
2020-11-15,60+,2544
2020-11-16,00_04,524
2020-11-16,05_09,705
2020-11-16,10_14,1433
2020-11-16,15_19,1647
2020-11-16,20_24,1829
2020-11-16,25_29,1929
2020-11-16,30_34,1970
2020-11-16,35_39,1906
2020-11-16,40_44,1857
2020-11-16,45_49,1912
2020-11-16,50_54,1992
2020-11-16,55_59,1727
2020-11-16,60+,4405
2020-11-17,00_04,392
2020-11-17,05_09,632
2020-11-17,10_14,1277
2020-11-17,15_19,1547
2020-11-17,20_24,1545
2020-11-17,25_29,1649
2020-11-17,30_34,1728
2020-11-17,35_39,1632
2020-11-17,40_44,1533
2020-11-17,45_49,1615
2020-11-17,50_54,1621
2020-11-17,55_59,1436
2020-11-17,60+,3784
2020-11-18,00_04,418
2020-11-18,05_09,591
2020-11-18,10_14,1254
2020-11-18,15_19,1304
2020-11-18,20_24,1414
2020-11-18,25_29,1490
2020-11-18,30_34,1610
2020-11-18,35_39,1451
2020-11-18,40_44,1448
2020-11-18,45_49,1464
2020-11-18,50_54,1432
2020-11-18,55_59,1242
2020-11-18,60+,3183
2020-11-19,00_04,369
2020-11-19,05_09,539
2020-11-19,10_14,1055
2020-11-19,15_19,1157
2020-11-19,20_24,1185
2020-11-19,25_29,1257
2020-11-19,30_34,1349
2020-11-19,35_39,1247
2020-11-19,40_44,1209
2020-11-19,45_49,1258
2020-11-19,50_54,1166
2020-11-19,55_59,1013
2020-11-19,60+,2748
2020-11-20,00_04,335
2020-11-20,05_09,515
2020-11-20,10_14,1000
2020-11-20,15_19,1035
2020-11-20,20_24,1088
2020-11-20,25_29,1247
2020-11-20,30_34,1264
2020-11-20,35_39,1175
2020-11-20,40_44,1165
2020-11-20,45_49,1171
2020-11-20,50_54,1121
2020-11-20,55_59,962
2020-11-20,60+,2712
2020-11-21,00_04,223
2020-11-21,05_09,332
2020-11-21,10_14,719
2020-11-21,15_19,768
2020-11-21,20_24,769
2020-11-21,25_29,856
2020-11-21,30_34,893
2020-11-21,35_39,908
2020-11-21,40_44,862
2020-11-21,45_49,838
2020-11-21,50_54,909
2020-11-21,55_59,712
2020-11-21,60+,1916
2020-11-22,00_04,265
2020-11-22,05_09,337
2020-11-22,10_14,647
2020-11-22,15_19,719
2020-11-22,20_24,729
2020-11-22,25_29,821
2020-11-22,30_34,836
2020-11-22,35_39,888
2020-11-22,40_44,842
2020-11-22,45_49,836
2020-11-22,50_54,866
2020-11-22,55_59,627
2020-11-22,60+,1728
2020-11-23,00_04,340
2020-11-23,05_09,578
2020-11-23,10_14,1138
2020-11-23,15_19,1212
2020-11-23,20_24,1168
2020-11-23,25_29,1331
2020-11-23,30_34,1386
2020-11-23,35_39,1312
2020-11-23,40_44,1361
2020-11-23,45_49,1266
2020-11-23,50_54,1229
2020-11-23,55_59,1087
2020-11-23,60+,2918
2020-11-24,00_04,306
2020-11-24,05_09,480
2020-11-24,10_14,956
2020-11-24,15_19,967
2020-11-24,20_24,978
2020-11-24,25_29,1140
2020-11-24,30_34,1220
2020-11-24,35_39,1158
2020-11-24,40_44,1111
2020-11-24,45_49,1164
2020-11-24,50_54,1025
2020-11-24,55_59,895
2020-11-24,60+,2718
2020-11-25,00_04,323
2020-11-25,05_09,526
2020-11-25,10_14,1066
2020-11-25,15_19,1000
2020-11-25,20_24,1056
2020-11-25,25_29,1129
2020-11-25,30_34,1153
2020-11-25,35_39,1147
2020-11-25,40_44,1148
2020-11-25,45_49,1123
2020-11-25,50_54,1037
2020-11-25,55_59,893
2020-11-25,60+,2435
2020-11-26,00_04,313
2020-11-26,05_09,445
2020-11-26,10_14,915
2020-11-26,15_19,920
2020-11-26,20_24,827
2020-11-26,25_29,1017
2020-11-26,30_34,1106
2020-11-26,35_39,1037
2020-11-26,40_44,999
2020-11-26,45_49,956
2020-11-26,50_54,875
2020-11-26,55_59,747
2020-11-26,60+,2175
2020-11-27,00_04,287
2020-11-27,05_09,480
2020-11-27,10_14,872
2020-11-27,15_19,884
2020-11-27,20_24,831
2020-11-27,25_29,949
2020-11-27,30_34,1023
2020-11-27,35_39,1001
2020-11-27,40_44,1007
2020-11-27,45_49,920
2020-11-27,50_54,955
2020-11-27,55_59,772
2020-11-27,60+,2334
2020-11-28,00_04,212
2020-11-28,05_09,318
2020-11-28,10_14,665
2020-11-28,15_19,661
2020-11-28,20_24,649
2020-11-28,25_29,773
2020-11-28,30_34,832
2020-11-28,35_39,783
2020-11-28,40_44,777
2020-11-28,45_49,762
2020-11-28,50_54,739
2020-11-28,55_59,604
2020-11-28,60+,1502
2020-11-29,00_04,234
2020-11-29,05_09,326
2020-11-29,10_14,605
2020-11-29,15_19,611
2020-11-29,20_24,627
2020-11-29,25_29,713
2020-11-29,30_34,755
2020-11-29,35_39,784
2020-11-29,40_44,765
2020-11-29,45_49,791
2020-11-29,50_54,720
2020-11-29,55_59,554
2020-11-29,60+,1493
2020-11-30,00_04,318
2020-11-30,05_09,571
2020-11-30,10_14,1166
2020-11-30,15_19,1033
2020-11-30,20_24,950
2020-11-30,25_29,1223
2020-11-30,30_34,1241
2020-11-30,35_39,1226
2020-11-30,40_44,1190
2020-11-30,45_49,1233
2020-11-30,50_54,1183
2020-11-30,55_59,917
2020-11-30,60+,2832
2020-12-01,00_04,314
2020-12-01,05_09,509
2020-12-01,10_14,986
2020-12-01,15_19,1028
2020-12-01,20_24,922
2020-12-01,25_29,1038
2020-12-01,30_34,1170
2020-12-01,35_39,1091
2020-12-01,40_44,1052
2020-12-01,45_49,1047
2020-12-01,50_54,1059
2020-12-01,55_59,807
2020-12-01,60+,2551
2020-12-02,00_04,327
2020-12-02,05_09,535
2020-12-02,10_14,921
2020-12-02,15_19,963
2020-12-02,20_24,953
2020-12-02,25_29,1101
2020-12-02,30_34,1107
2020-12-02,35_39,1144
2020-12-02,40_44,1171
2020-12-02,45_49,1075
2020-12-02,50_54,1001
2020-12-02,55_59,842
2020-12-02,60+,2362
2020-12-03,00_04,312
2020-12-03,05_09,510
2020-12-03,10_14,947
2020-12-03,15_19,869
2020-12-03,20_24,901
2020-12-03,25_29,1039
2020-12-03,30_34,1015
2020-12-03,35_39,1127
2020-12-03,40_44,1099
2020-12-03,45_49,1017
2020-12-03,50_54,853
2020-12-03,55_59,729
2020-12-03,60+,2215
2020-12-04,00_04,285
2020-12-04,05_09,546
2020-12-04,10_14,1028
2020-12-04,15_19,948
2020-12-04,20_24,863
2020-12-04,25_29,987
2020-12-04,30_34,1056
2020-12-04,35_39,1051
2020-12-04,40_44,1030
2020-12-04,45_49,1021
2020-12-04,50_54,1033
2020-12-04,55_59,744
2020-12-04,60+,2323
2020-12-05,00_04,245
2020-12-05,05_09,372
2020-12-05,10_14,720
2020-12-05,15_19,748
2020-12-05,20_24,724
2020-12-05,25_29,857
2020-12-05,30_34,919
2020-12-05,35_39,847
2020-12-05,40_44,880
2020-12-05,45_49,833
2020-12-05,50_54,770
2020-12-05,55_59,645
2020-12-05,60+,1657
2020-12-06,00_04,265
2020-12-06,05_09,380
2020-12-06,10_14,793
2020-12-06,15_19,810
2020-12-06,20_24,728
2020-12-06,25_29,855
2020-12-06,30_34,977
2020-12-06,35_39,981
2020-12-06,40_44,948
2020-12-06,45_49,950
2020-12-06,50_54,817
2020-12-06,55_59,661
2020-12-06,60+,1815
2020-12-07,00_04,397
2020-12-07,05_09,683
2020-12-07,10_14,1269
2020-12-07,15_19,1348
2020-12-07,20_24,1178
2020-12-07,25_29,1346
2020-12-07,30_34,1443
2020-12-07,35_39,1518
2020-12-07,40_44,1469
2020-12-07,45_49,1479
2020-12-07,50_54,1284
2020-12-07,55_59,1157
2020-12-07,60+,2936
2020-12-08,00_04,398
2020-12-08,05_09,635
2020-12-08,10_14,1237
2020-12-08,15_19,1166
2020-12-08,20_24,1200
2020-12-08,25_29,1439
2020-12-08,30_34,1444
2020-12-08,35_39,1432
2020-12-08,40_44,1441
2020-12-08,45_49,1252
2020-12-08,50_54,1213
2020-12-08,55_59,1015
2020-12-08,60+,2856
2020-12-09,00_04,398
2020-12-09,05_09,635
2020-12-09,10_14,1320
2020-12-09,15_19,1253
2020-12-09,20_24,1412
2020-12-09,25_29,1552
2020-12-09,30_34,1540
2020-12-09,35_39,1496
2020-12-09,40_44,1439
2020-12-09,45_49,1345
2020-12-09,50_54,1269
2020-12-09,55_59,1106
2020-12-09,60+,2809
2020-12-10,00_04,453
2020-12-10,05_09,712
2020-12-10,10_14,1291
2020-12-10,15_19,1371
2020-12-10,20_24,1422
2020-12-10,25_29,1660
2020-12-10,30_34,1633
2020-12-10,35_39,1623
2020-12-10,40_44,1694
2020-12-10,45_49,1522
2020-12-10,50_54,1324
2020-12-10,55_59,1081
2020-12-10,60+,2833
2020-12-11,00_04,483
2020-12-11,05_09,766
2020-12-11,10_14,1422
2020-12-11,15_19,1511
2020-12-11,20_24,1398
2020-12-11,25_29,1618
2020-12-11,30_34,1761
2020-12-11,35_39,1830
2020-12-11,40_44,1649
2020-12-11,45_49,1589
2020-12-11,50_54,1520
2020-12-11,55_59,1232
2020-12-11,60+,3207
2020-12-12,00_04,389
2020-12-12,05_09,603
2020-12-12,10_14,1165
2020-12-12,15_19,1191
2020-12-12,20_24,1199
2020-12-12,25_29,1340
2020-12-12,30_34,1467
2020-12-12,35_39,1443
2020-12-12,40_44,1416
2020-12-12,45_49,1370
2020-12-12,50_54,1221
2020-12-12,55_59,987
2020-12-12,60+,2358
2020-12-13,00_04,466
2020-12-13,05_09,678
2020-12-13,10_14,1371
2020-12-13,15_19,1364
2020-12-13,20_24,1300
2020-12-13,25_29,1568
2020-12-13,30_34,1634
2020-12-13,35_39,1661
2020-12-13,40_44,1583
2020-12-13,45_49,1532
2020-12-13,50_54,1378
2020-12-13,55_59,1062
2020-12-13,60+,2710
2020-12-14,00_04,701
2020-12-14,05_09,1097
2020-12-14,10_14,2216
2020-12-14,15_19,2108
2020-12-14,20_24,2205
2020-12-14,25_29,2625
2020-12-14,30_34,2661
2020-12-14,35_39,2541
2020-12-14,40_44,2482
2020-12-14,45_49,2471
2020-12-14,50_54,2348
2020-12-14,55_59,1853
2020-12-14,60+,4417
2020-12-15,00_04,626
2020-12-15,05_09,998
2020-12-15,10_14,1970
2020-12-15,15_19,2075
2020-12-15,20_24,2362
2020-12-15,25_29,2985
2020-12-15,30_34,2714
2020-12-15,35_39,2609
2020-12-15,40_44,2417
2020-12-15,45_49,2317
2020-12-15,50_54,2207
2020-12-15,55_59,1910
2020-12-15,60+,4191
2020-12-16,00_04,696
2020-12-16,05_09,961
2020-12-16,10_14,1777
2020-12-16,15_19,2025
2020-12-16,20_24,2604
2020-12-16,25_29,3248
2020-12-16,30_34,3090
2020-12-16,35_39,2643
2020-12-16,40_44,2567
2020-12-16,45_49,2425
2020-12-16,50_54,2277
2020-12-16,55_59,1802
2020-12-16,60+,4231
2020-12-17,00_04,681
2020-12-17,05_09,858
2020-12-17,10_14,1552
2020-12-17,15_19,1896
2020-12-17,20_24,2564
2020-12-17,25_29,3171
2020-12-17,30_34,3078
2020-12-17,35_39,2710
2020-12-17,40_44,2634
2020-12-17,45_49,2413
2020-12-17,50_54,2157
2020-12-17,55_59,1849
2020-12-17,60+,4298
2020-12-18,00_04,768
2020-12-18,05_09,979
2020-12-18,10_14,1757
2020-12-18,15_19,1861
2020-12-18,20_24,2661
2020-12-18,25_29,3254
2020-12-18,30_34,3127
2020-12-18,35_39,2943
2020-12-18,40_44,2708
2020-12-18,45_49,2675
2020-12-18,50_54,2575
2020-12-18,55_59,2043
2020-12-18,60+,4646
2020-12-19,00_04,583
2020-12-19,05_09,634
2020-12-19,10_14,1235
2020-12-19,15_19,1289
2020-12-19,20_24,1666
2020-12-19,25_29,2223
2020-12-19,30_34,2222
2020-12-19,35_39,2059
2020-12-19,40_44,1869
2020-12-19,45_49,1791
2020-12-19,50_54,1649
2020-12-19,55_59,1374
2020-12-19,60+,3307
2020-12-20,00_04,765
2020-12-20,05_09,868
2020-12-20,10_14,1432
2020-12-20,15_19,1715
2020-12-20,20_24,2579
2020-12-20,25_29,3122
2020-12-20,30_34,2949
2020-12-20,35_39,2739
2020-12-20,40_44,2529
2020-12-20,45_49,2427
2020-12-20,50_54,2239
2020-12-20,55_59,2012
2020-12-20,60+,3943
2020-12-21,00_04,951
2020-12-21,05_09,1199
2020-12-21,10_14,2109
2020-12-21,15_19,2355
2020-12-21,20_24,3449
2020-12-21,25_29,4371
2020-12-21,30_34,4397
2020-12-21,35_39,4040
2020-12-21,40_44,3812
2020-12-21,45_49,3655
2020-12-21,50_54,3475
2020-12-21,55_59,2922
2020-12-21,60+,6180
2020-12-22,00_04,953
2020-12-22,05_09,1217
2020-12-22,10_14,1906
2020-12-22,15_19,2231
2020-12-22,20_24,3570
2020-12-22,25_29,4262
2020-12-22,30_34,4129
2020-12-22,35_39,3837
2020-12-22,40_44,3437
2020-12-22,45_49,3496
2020-12-22,50_54,3321
2020-12-22,55_59,2744
2020-12-22,60+,6187
2020-12-23,00_04,947
2020-12-23,05_09,1082
2020-12-23,10_14,1594
2020-12-23,15_19,2100
2020-12-23,20_24,3283
2020-12-23,25_29,3984
2020-12-23,30_34,3806
2020-12-23,35_39,3605
2020-12-23,40_44,3309
2020-12-23,45_49,3163
2020-12-23,50_54,2942
2020-12-23,55_59,2539
2020-12-23,60+,5598
2020-12-24,00_04,728
2020-12-24,05_09,819
2020-12-24,10_14,1228
2020-12-24,15_19,1554
2020-12-24,20_24,2402
2020-12-24,25_29,2713
2020-12-24,30_34,2841
2020-12-24,35_39,2758
2020-12-24,40_44,2624
2020-12-24,45_49,2566
2020-12-24,50_54,2458
2020-12-24,55_59,1997
2020-12-24,60+,4312
2020-12-25,00_04,254
2020-12-25,05_09,258
2020-12-25,10_14,449
2020-12-25,15_19,646
2020-12-25,20_24,943
2020-12-25,25_29,1223
2020-12-25,30_34,1213
2020-12-25,35_39,1269
2020-12-25,40_44,1219
2020-12-25,45_49,1114
2020-12-25,50_54,1053
2020-12-25,55_59,958
2020-12-25,60+,2267
2020-12-26,00_04,899
2020-12-26,05_09,946
2020-12-26,10_14,1365
2020-12-26,15_19,1987
2020-12-26,20_24,3074
2020-12-26,25_29,3625
2020-12-26,30_34,3615
2020-12-26,35_39,3710
2020-12-26,40_44,3534
2020-12-26,45_49,3227
2020-12-26,50_54,3196
2020-12-26,55_59,2664
2020-12-26,60+,5401
2020-12-27,00_04,917
2020-12-27,05_09,1069
2020-12-27,10_14,1494
2020-12-27,15_19,2308
2020-12-27,20_24,3810
2020-12-27,25_29,4371
2020-12-27,30_34,4370
2020-12-27,35_39,4186
2020-12-27,40_44,3835
2020-12-27,45_49,3666
2020-12-27,50_54,3625
2020-12-27,55_59,3108
2020-12-27,60+,6250
2020-12-28,00_04,834
2020-12-28,05_09,857
2020-12-28,10_14,1380
2020-12-28,15_19,2109
2020-12-28,20_24,3606
2020-12-28,25_29,4054
2020-12-28,30_34,4137
2020-12-28,35_39,3706
2020-12-28,40_44,3519
2020-12-28,45_49,3399
2020-12-28,50_54,3472
2020-12-28,55_59,2930
2020-12-28,60+,6457
2020-12-29,00_04,1441
2020-12-29,05_09,1594
2020-12-29,10_14,2545
2020-12-29,15_19,3942
2020-12-29,20_24,6579
2020-12-29,25_29,7776
2020-12-29,30_34,7387
2020-12-29,35_39,6769
2020-12-29,40_44,6211
2020-12-29,45_49,5894
2020-12-29,50_54,6067
2020-12-29,55_59,5467
2020-12-29,60+,11862
2020-12-30,00_04,1317
2020-12-30,05_09,1501
2020-12-30,10_14,2171
2020-12-30,15_19,3548
2020-12-30,20_24,5886
2020-12-30,25_29,6701
2020-12-30,30_34,6377
2020-12-30,35_39,5856
2020-12-30,40_44,5214
2020-12-30,45_49,5092
2020-12-30,50_54,5184
2020-12-30,55_59,4614
2020-12-30,60+,10301
2020-12-31,00_04,993
2020-12-31,05_09,1099
2020-12-31,10_14,1617
2020-12-31,15_19,2682
2020-12-31,20_24,4182
2020-12-31,25_29,4796
2020-12-31,30_34,4778
2020-12-31,35_39,4364
2020-12-31,40_44,3908
2020-12-31,45_49,3751
2020-12-31,50_54,3982
2020-12-31,55_59,3547
2020-12-31,60+,7759
